Topic,Words,Frequency,Timestamp,Name
-1,"freiheit, sozial, politik, wirtschaftlich, gesellschaft",333,1980,-1_deutschland_land_neu_gut
0,"politik, sozial, fdpkoalition, schwer, verantwortung",68,1980,Politik
1,"europa, europäisch, freiheit, frieden, union",19,1980,EU
2,"familie, kindererziehung, mütter, kinderbetreuungsbetrag, kinderfreibetrag",24,1980,Familie
3,"rente, altersversorgung, nullwachstum, versicherungsjahren, rentenverbesserung",11,1980,Rente
4,"energieversorgung, kernenergie, industrieländ, prozeßwärme, energiequellen",16,1980,Energiewende
5,"jugendliche, jung, jugend, generation, schule",26,1980,Jugend
6,"heimlich, steuererhöhung, steuer, rekordhöhe, abgabenstaat",12,1980,Steuern
7,"heilen, wettbewerb, struktur, klein, mittel",3,1980,Wirtschaft
8,"bundeswehr, terrorismus, verweigerer, erhärtet, anonymität",12,1980,Militär
10,"solidarität, kampfaufruf, gemeinschaft, gleichgesinnt, füreinander",3,1980,10_wohnungsbau_wohnung_gesellschaft_solidarität
11,"mitverantwortlich, verständigungsbereitschaft, typisch, verbrechensbekämpfung, ideologien",7,1980,11_kriminalität_gewalt_polizei_wirksam
12,"fortschritt, nichtorganisiert, mikroprozessoren, schwerarbeit, verteilungskampf",7,1980,12_arbeitsplatz_arbeiten_arbeit_arbeitnehmer
13,"wohnlich, wasserqualität, stadtteil, wiederherstellung, städten",4,1980,13_gemeinde_verwaltung_region_regional
14,"illusionsfrei, weltwirtschaftlich, einkommensentwicklung, weltpolitisch, landwirtschaftspolitik",3,1980,14_landwirtschaft_landwirte_landwirtschaftlich_kulturlandschaft
15,"stoffgebiet, hindernisse, grundlegende, lehrpläne, vernachlässigen",2,1980,15_ausländer_verkehrsprojekt_flüchtling_asylbewerber
16,"entspannungspolitik, kommunistisch, friedenspolitik, sozialistisch, realistisch",12,1980,16_zusammenarbeit_sicherheitspolitik_europäisch_militärisch
17,"zentralschule, schülerzahl, schulschließungswell, schulsystem, schulwesen",4,1980,17_bildung_schule_hochschule_gleichwertigkeit
18,"ernährungs, gleichsam, fischereiwirtschaft, grundfreiheit, vergessen",3,1980,18_kultur_kulturell_identität_kulturnation
19,"schule, hauptschüler, versicherungsträger, versicherungspflicht, klassenlehrer",7,1980,19_familie_dürfen_kindern_kindergrundfreibetrag
20,"gemeinschaft, sicherheit, schutz, freiheit, einziger",12,1980,20_freiheit_sicherheit_gemeinschaft_außen
21,"rückwirkend, entspannung, leistungsmäßig, belastungsunterschiede, lösung",11,1980,21_müssen_technik_gewährleisten_neu
22,"bodeneigentum, ausschließlich, landschaft, entwicklungsländer, gewachsen",3,1980,22_kultur_ländlich_landwirtschaft_kulturell
23,"fünfziger, teilen, generation, vaterland, hart",3,1980,23_deutschland_land_heimat_bleiben
24,"parlament, europäisch, demokratie, römisch, bilderstürmerei",6,1980,24_demokratie_demokratisch_politisch_parlament
25,"nationalstiftung, entspannung, echt, dauerhaft, deutsch",2,1980,25_deutschland_standard_zudem_klimakooperation
26,"sicherheitsorgane, solidarität, verantwortliche, mithilfe, selbsthilfe",2,1980,26_ehrenamtlich_ehrenamt_seniorinnen_bundesfreiwilligendienst
27,"erklärend, menschenmöglichen, formel, glaube, sicherstellung",3,1980,27_daher_planungssicherheit_weiterhin_kommunalfinanzen
28,"einzelhändlern, mittelbetrieben, rentenpolitik, gesellschaftspolitik, freiberuflich",3,1980,28_arbeitsplatz_arbeitslosigkeit_schwarzarbeit_sichern
29,"politik, jahrzehnt, einschüchtert, krisenhaft, bewährung",5,1980,29_politik_politisch_jahrzehnt_mittelpunkt
31,"million, geburtenzahl, kennzeichnen, hunderttausender, arbeitslosenzahl",2,1980,31_million_seit_arbeitslosigkeit_deutschland
32,"lebensstandard, zufriedenheit, glück, wachsen, kunst",1,1980,32_kunst_kultur_kulturell_musik
33,"ortsnähe, stundenplän, test, geschichtsunterricht, schulen",4,1980,33_religionsunterricht_kirche_schule_religionsgemeinschafter
34,"bedeuten, gegenteil, klar, gerechtigkeitswachstum, passenden",1,1980,34_bedeuten_gegenteil_zeigen_klar
35,"schmerzlich, altersversorgung, zweifel, fragen, begrenzt",6,1980,35_generation_freiheit_sichern_brauchen
36,"begrenzt, dritter, erdölerzeugend, welt, naturhaushalt",2,1980,36_insbesondere_umwelt_begrenzt_umweltschutz
37,"fortschritt, theorie, alternative, sichern, verlässlichkeit",2,1980,37_fortschritt_sichern_verlässlichkeit_sicherheit
38,"bildung, verfälscht, hauptschule, vorbereit, wiedergewinnen",5,1980,38_bildung_erziehung_schule_rentenversicherung
39,"politik, kurzsichtig, medienpolitik, verantwortungsbewußt, geschichtlich",4,1980,39_politik_rotgrün_verantwortung_strategie
40,"wirkungsgrades, volke, kernkraft, energeinen, bekannt",1,1980,40_besteuerung_wettbewerbsfähig_gewinn_daher
41,"jahr, friedenszeiten, wohlbefind, erziehungsjahre, durchschnittseinkommen",7,1980,41_immer_seit_niedrig_investitionsquote
43,"notwendigkeit, marktwirtschaft, sozial, system, wirtschaftlich",2,1980,43_marktwirtschaft_wirtschaftsordnung_staatsquote_verloren
-1,"sozial, volk, frieden, deutsch, wirtschaftlich",192,1983,-1_deutschland_land_neu_gut
0,"regierung, bundeskanzler, sozial, staatsfinanz, regierungsfähig",46,1983,Politik
1,"gemeinschaft, freiheit, westlich, frieden, europa",8,1983,EU
2,"familie, gleich, verbessern, mehr, menschlich",14,1983,Familie
3,"rente, zahlungsunfähigkeit, rentenversicherung, jüngeren, almose",14,1983,Rente
4,"umweltschutz, natur, energie, steuergelder, umweltschutznormen",7,1983,Energiewende
5,"jugendarbeitslosigkeit, sozialpolitik, jung, jugendliche, beseitigen",14,1983,Jugend
6,"wirtschaftskriminalität, ertragsunabhängigen, steuer, steuersubventionen, vorschlagen",7,1983,Steuern
7,"nächstenhilfe, produktivvermögen, produktivkapital, interessant, vermögensbildung",5,1983,Wirtschaft
8,"weder, militärisch, bundeswehr, psychologisch, nachrüstung",8,1983,Militär
10,"klassenkampf, solidarität, investitionshilfe, rückzahlbarkeit, gemeinschaft",10,1983,10_wohnungsbau_wohnung_gesellschaft_solidarität
11,"wohnsilos, menschenfeindlich, theoretisch, menschlich, familiengerecht",5,1983,11_kriminalität_gewalt_polizei_wirksam
12,"schmerzhaft, arbeitsplatze, arbeitsplatz, arbeit, erwerbsarbeit",9,1983,12_arbeitsplatz_arbeiten_arbeit_arbeitnehmer
13,"reglementieren, verordnungen, vergessen, gemeinde, unnötig",3,1983,13_gemeinde_verwaltung_region_regional
14,"agrarpolitisch, familienbetrieb, kulturlandschaft, ernährung, umwelt",2,1983,14_landwirtschaft_landwirte_landwirtschaftlich_kulturlandschaft
16,"friedenspolitik, bündnispolitik, schießbefehl, selbstschußanlage, niemals",4,1983,16_zusammenarbeit_sicherheitspolitik_europäisch_militärisch
18,"kontakt, vielfältig, menschlich, deutschland, kultur",1,1983,18_kultur_kulturell_identität_kulturnation
19,"steuer, weniger, familie, dürfen, kindern",1,1983,19_familie_dürfen_kindern_kindergrundfreibetrag
20,"einzelner, selbstzweck, solidarisch, gemeinschaft, schutz",1,1983,20_freiheit_sicherheit_gemeinschaft_außen
21,"zinseszinsen, rotgrüne, gleichberechtigung, partnerschaft, müssen",3,1983,21_müssen_technik_gewährleisten_neu
22,"abwechslungsreich, landwirtschaft, landschaftspflege, kulturlandschaft, leistungsfähigkeit",3,1983,22_kultur_ländlich_landwirtschaft_kulturell
23,"vaterland, bleiben, deutschland, land, heimat",1,1983,23_deutschland_land_heimat_bleiben
28,"arbeitsmarktpolitik, qualitativ, arbeitslosigkeit, aufschwung, wirtschaftlich",2,1983,28_arbeitsplatz_arbeitslosigkeit_schwarzarbeit_sichern
29,"politik, partnerschaftlich, schwer, zeit, familie",2,1983,29_politik_politisch_jahrzehnt_mittelpunkt
33,"solidarität, generation, brauchen, religionsunterricht, kirche",1,1983,33_religionsunterricht_kirche_schule_religionsgemeinschafter
34,"solange, fair, bedeuten, gegenteil, schattenbanke",3,1983,34_bedeuten_gegenteil_zeigen_klar
35,"rechter, generation, freiheit, sichern, brauchen",1,1983,35_generation_freiheit_sichern_brauchen
37,"fortschritt, sichern, verlässlichkeit, sicherheit, alterssicherung",1,1983,37_fortschritt_sichern_verlässlichkeit_sicherheit
40,"gewissenlos, minderheit, besteuerung, wettbewerbsfähig, gewinn",1,1983,40_besteuerung_wettbewerbsfähig_gewinn_daher
41,"weiche, aufschwung, immer, niedrig, investitionsquote",1,1983,41_immer_seit_niedrig_investitionsquote
42,"konzertiert, sexuell, missbrauch, kindesmissbrauch, bestrafen",1,1983,42_sexuell_missbrauch_kindesmissbrauch_bestrafen
43,"wirtschaft, früchte, menschenwürdig, materiell, wachsen",3,1983,43_marktwirtschaft_wirtschaftsordnung_staatsquote_verloren
-1,"müssen, nächster, mehr, legislaturperiode, groß",661,1987,-1_deutschland_land_neu_gut
0,"berlin, bundesrepublik, politik, familie, landwirtschaftlich",109,1987,Politik
1,"europa, politisch, westlich, verantwortung, freiheit",29,1987,EU
2,"familie, kinderfreibeträge, kindern, elternkomponente, erziehungsgemeinschaft",19,1987,Familie
3,"rentenversicherung, rente, gesundheitlich, sozial, unwirtschaftlichkeit",20,1987,Rente
4,"umwelt, umweltschutz, gesundheitsgefahren, übergangstechnologie, aktivpost",23,1987,Energiewende
5,"jung, generation, zukunftsperspektiven, jugendliche, jugend",23,1987,Jugend
6,"steuersystem, leistungsfreundlich, verringern, steuerbelastung, sozial",26,1987,Steuern
7,"legislaturperiode, steuerreform, nächster, unternehmensbeteiligungsgesetz, abfallgesetz",9,1987,Wirtschaft
8,"bundeswehr, soldat, vertrauen, wehrpflicht, zivillebe",17,1987,Militär
10,"wohneigentum, verbessert, wohnungsmarken, wohnungsangebot, erstmals",17,1987,10_wohnungsbau_wohnung_gesellschaft_solidarität
11,"wassers, drei, gesetz, verteidigungsbereitschaft, schutz",4,1987,11_kriminalität_gewalt_polizei_wirksam
12,"bezahlt, teilzeitarbeit, dienst, arbeit, arbeiten",9,1987,12_arbeitsplatz_arbeiten_arbeit_arbeitnehmer
13,"sowohl, stadtstaat, theaterlandschaft, flächenstaat, bestandteile",9,1987,13_gemeinde_verwaltung_region_regional
14,"landwirtschaft, landwirte, agrarpolitik, umwelt, daher",19,1987,14_landwirtschaft_landwirte_landwirtschaftlich_kulturlandschaft
15,"normalfall, ausländerdiskriminierend, ausländerfeindlich, anerkennungsverfahren, familienangehörigen",6,1987,15_ausländer_verkehrsprojekt_flüchtling_asylbewerber
16,"west, dialog, zusammenarbeit, sicherheitspolitik, währungspolitisch",11,1987,16_zusammenarbeit_sicherheitspolitik_europäisch_militärisch
17,"ethik, zivilisation, maßstab, wissenschaftlich, technisch",2,1987,17_bildung_schule_hochschule_gleichwertigkeit
18,"kulturabkommen, austausch, vielfältig, kultur, kulturell",1,1987,18_kultur_kulturell_identität_kulturnation
19,"kindergeldzuschlag, zahlen, schwächsten, steuer, elter",5,1987,19_familie_dürfen_kindern_kindergrundfreibetrag
20,"einzelner, sicherheit, freiheit, gemeinschaft, gesundheit",10,1987,20_freiheit_sicherheit_gemeinschaft_außen
21,"berufsausübung, technik, qualitätsstandards, müssen, haupterwerbsbetrieben",12,1987,21_müssen_technik_gewährleisten_neu
22,"regionalisierung, spielraum, erweitern, nachbarschaft, agrarpolitik",3,1987,22_kultur_ländlich_landwirtschaft_kulturell
23,"finanzpolitik, wirtschaftspolitik, dauerarbeitsplätz, stabiler, beschäftigungspolitik",4,1987,23_deutschland_land_heimat_bleiben
24,"demokratisch, repräsentativ, demokratie, rechtsstaat, gemeinschaftsgut",6,1987,24_demokratie_demokratisch_politisch_parlament
25,"verantwortungslosen, argument, tschernobyl, unfall, innerdeutsch",3,1987,25_deutschland_standard_zudem_klimakooperation
26,"gewicht, sportlich, wachsend, wissenschaftlich, beispielsweise",1,1987,26_ehrenamtlich_ehrenamt_seniorinnen_bundesfreiwilligendienst
27,"menschlich, kapitalzuführung, entwicklungsbank, gentechnologisch, bodenschutzkonzeption",6,1987,27_daher_planungssicherheit_weiterhin_kommunalfinanzen
28,"verschlechtern, berufschance, schwarzarbeit, arbeitslosigkeit, qualifiziert",3,1987,28_arbeitsplatz_arbeitslosigkeit_schwarzarbeit_sichern
29,"politik, mittelpunkt, richtungswahl, zuzugsbegrenzung, politisch",7,1987,29_politik_politisch_jahrzehnt_mittelpunkt
30,"benachteiligten, integration, entfaltungsmöglichkeit, bildungswesen, behinderter",2,1987,30_integration_ausländer_erfolgreich_integrieren
31,"million, millionenhöhe, kurzarbeit, sozialprodukt, arbeitslosenzahl",7,1987,31_million_seit_arbeitslosigkeit_deutschland
32,"pflanze, tier, kultur, kunst, wild",5,1987,32_kunst_kultur_kulturell_musik
33,"kirche, solidarität, grundgedanken, beruhen, sozialstaat",5,1987,33_religionsunterricht_kirche_schule_religionsgemeinschafter
35,"kompromiß, überleben, menschheit, lieben, geborgenheit",3,1987,35_generation_freiheit_sichern_brauchen
36,"umweltschädigend, luftreinhaltung, umweltverschmutzung, nulltarif, insbesondere",2,1987,36_insbesondere_umwelt_begrenzt_umweltschutz
37,"krankenversicherung, rentenversicherung, sichern, verlässlichkeit, sicherheit",2,1987,37_fortschritt_sichern_verlässlichkeit_sicherheit
38,"rentenversicherung, erziehung, verantwortungsfähigkeit, bindungsfähigkeit, dreigenerationenvertrag",5,1987,38_bildung_erziehung_schule_rentenversicherung
39,"loyalität, selbstverständnis, rechtsstaates, funktionsfähigkeit, vertraut",3,1987,39_politik_rotgrün_verantwortung_strategie
40,"besteuerung, vergleich, zeit, international, wichtig",2,1987,40_besteuerung_wettbewerbsfähig_gewinn_daher
41,"preissteigerungsrate, notlagenindikation, außerordentlich, jahrelang, vernachlässigen",4,1987,41_immer_seit_niedrig_investitionsquote
43,"grundbildung, wettbewerbsordnung, informationstechnisch, wirtschaftsordnung, kern",2,1987,43_marktwirtschaft_wirtschaftsordnung_staatsquote_verloren
44,"dritter, transatlantisch, weltpolitik, partnerschaft, kriminelles",1,1987,44_transatlantisch_weltpolitik_partnerschaft_industriepolitik
-1,"müssen, deutschland, neu, sozial, bundesland",227,1990,-1_deutschland_land_neu_gut
0,"wirtschafts, materiell, regierung, europäisch, familie",24,1990,Politik
1,"europa, europäisch, dritter, südosteuropa, welt",20,1990,EU
2,"familie, großziehen, finanzielle, kindergartenplatz, lebensbereiche",8,1990,Familie
3,"dynamisch, rente, einigungsvertrages, einkommensausgleich, rentenanpassung",10,1990,Rente
4,"umweltschutz, umweltfreundlich, erneuerbarer, telefonnetz, umweltgerecht",12,1990,Energiewende
5,"jung, berufsausbildung, jugendliche, jugendverbandsarbeit, generation",11,1990,Jugend
6,"hilfe, steuer, finanzierungskonzept, investorer, neugründung",10,1990,Steuern
7,"wettbewerbsfähigkeit, verstärkt, steuereinnahme, märkten, tarifverträge",7,1990,Wirtschaft
8,"soldat, bundeswehr, wehrdienstzeit, zivildienst, zwölf",8,1990,Militär
10,"wohnungsbau, partnerschaft, wohnungsbauprogramm, planungsrechtlich, steuererleichterungen",14,1990,10_wohnungsbau_wohnung_gesellschaft_solidarität
11,"kapitalverbreche, rechtsstaatlich, terroristisch, kriminalität, konzept",2,1990,11_kriminalität_gewalt_polizei_wirksam
12,"finanzierungsmöglichkeiten, ausgrenzen, kreativ, behinderter, privatisierung",3,1990,12_arbeitsplatz_arbeiten_arbeit_arbeitnehmer
13,"stacheldraht, überwachungs, unterdrückungssyst, milliardenausgabe, sozialistischkommunistisch",5,1990,13_gemeinde_verwaltung_region_regional
14,"mengenrückführung, landwirte, agrarpolitik, landwirtschaft, preisdruck",7,1990,14_landwirtschaft_landwirte_landwirtschaftlich_kulturlandschaft
15,"verkehrswegeplan, fristenlösung, verkehrslenkend, verkehrsfluß, asylbewerber",4,1990,15_ausländer_verkehrsprojekt_flüchtling_asylbewerber
16,"rüstungskontrolle, sicherheitspolitik, außen, gemeinsam, friedensordnung",5,1990,16_zusammenarbeit_sicherheitspolitik_europäisch_militärisch
17,"grundausstattung, nachwuchsförderungsprogramm, schulzeit, durchschnittlich, hochschul",3,1990,17_bildung_schule_hochschule_gleichwertigkeit
18,"kultur, innenstädte, attraktivität, individuell, helfen",3,1990,18_kultur_kulturell_identität_kulturnation
19,"verkehrsträger, transportkett, direkthilfen, steuerentlastung, kombiniert",6,1990,19_familie_dürfen_kindern_kindergrundfreibetrag
20,"sedherrschaft, freiheitslieb, drogenfahndung, unfallschwerpunken, müssen",6,1990,20_freiheit_sicherheit_gemeinschaft_außen
21,"industrieanlage, umweltbelastend, industrieländern, fahndungsarbeit, investitionsgüter",6,1990,21_müssen_technik_gewährleisten_neu
22,"wohneigentumsförderung, verpackungsflut, müssen, kultur, ländlich",2,1990,22_kultur_ländlich_landwirtschaft_kulturell
23,"mecklenburgvorpommer, wiedervereinigt, brandenburg, umweltpartnerschaft, berlin",3,1990,23_deutschland_land_heimat_bleiben
25,"energieverbundsystem, energiekonzept, gesamtdeutsch, deutschland, standard",1,1990,25_deutschland_standard_zudem_klimakooperation
26,"wohlfahrtsverbände, kirche, ehrenamtlich, ehrenamt, seniorinnen",1,1990,26_ehrenamtlich_ehrenamt_seniorinnen_bundesfreiwilligendienst
27,"landwirte, finanzierung, bundesland, weiterhin, hilfe",2,1990,27_daher_planungssicherheit_weiterhin_kommunalfinanzen
29,"politik, mittelpunkt, erfolgreich, stehen, familie",2,1990,29_politik_politisch_jahrzehnt_mittelpunkt
32,"kunst, kultur, kulturfond, künstler, zukunftsfähigkeit",4,1990,32_kunst_kultur_kulturell_musik
34,"vii, suchtgefahr, vi, aufklären, iv",5,1990,34_bedeuten_gegenteil_zeigen_klar
35,"lebenschance, freiheit, geborgenheit, sichern, deutsche",2,1990,35_generation_freiheit_sichern_brauchen
36,"umwelt, kosten, schädigen, nulltarif, umweltfreundlich",4,1990,36_insbesondere_umwelt_begrenzt_umweltschutz
37,"pflegefallrisiko, absichern, gewährleisten, sicherheit, sichern",2,1990,37_fortschritt_sichern_verlässlichkeit_sicherheit
39,"egagrarstrukturpolitik, braunkohlebergbau, mitgliedsstaat, einzeln, regional",2,1990,39_politik_rotgrün_verantwortung_strategie
40,"effizienter, umweltbelastunge, energieträg, gas, besteuerung",1,1990,40_besteuerung_wettbewerbsfähig_gewinn_daher
41,"aufbaujahren, zuvor, nie, beschäftigung, immer",2,1990,41_immer_seit_niedrig_investitionsquote
42,"teilen, solidarisch, lage, heute, daher",1,1990,42_sexuell_missbrauch_kindesmissbrauch_bestrafen
43,"marktwirtschaft, schwierigkeit, sozialismus, sozial, müssen",2,1990,43_marktwirtschaft_wirtschaftsordnung_staatsquote_verloren
-1,"neu, deutschland, land, modern, sicherheit",398,1994,-1_deutschland_land_neu_gut
0,"sozial, politik, europäisch, deutschland, politisch",151,1994,Politik
1,"europa, kriegerisch, veränderung, union, freiheitsordnung",24,1994,EU
2,"familie, gesellschaft, kindererziehung, verbessern, geldleistungen",28,1994,Familie
3,"rente, rentenanspruch, pflegeversicherung, alter, rentenversicherung",22,1994,Rente
4,"kernenergie, energien, energie, erneuerbar, braun",10,1994,Energiewende
5,"jugendliche, jung, generation, gesellschaft, jugendstrafrecht",17,1994,Jugend
6,"einkommensteuersatz, gewerbeertragsteuer, familiensteuerrechen, eigenkapitalhilfeprogamm, erpprogramms",13,1994,Steuern
7,"wettbewerbsfähigkeit, unterstützen, wettbewerbsfähig, weltmärkt, wettbewerbsverzerrender",12,1994,Wirtschaft
8,"bundeswehr, wehrpflicht, soldat, international, friedensstärke",16,1994,Militär
9,"weiterer, leistungsbezug, ausländerzentralregister, aliasnamen, aufzudecken",1,1994,Digitalisierung
10,"wohnung, wohnungsbau, wohnungen, solidarität, privatisierung",30,1994,10_wohnungsbau_wohnung_gesellschaft_solidarität
11,"strafrahmen, kriminalität, organisiert, unverzichtbarkeit, fernsehveranstalter",16,1994,11_kriminalität_gewalt_polizei_wirksam
12,"arbeitsplatz, beschäftigung, sozialhilfe, behinderter, arbeiten",20,1994,12_arbeitsplatz_arbeiten_arbeit_arbeitnehmer
13,"glaubwürdigkeit, handlungsfähigkeit, ausgleich, bürgerrechte, baulandprogrammen",8,1994,13_gemeinde_verwaltung_region_regional
14,"landwirtschaft, umweltverträglich, besonderer, landwirte, agrarsozialreform",13,1994,14_landwirtschaft_landwirte_landwirtschaftlich_kulturlandschaft
15,"ausländer, ausländerrecht, asylbewerber, verkehrsprojekt, asylrecht",25,1994,15_ausländer_verkehrsprojekt_flüchtling_asylbewerber
16,"zusammenarbeit, europäisch, sicherheitspolitik, polizei, militärisch",10,1994,16_zusammenarbeit_sicherheitspolitik_europäisch_militärisch
17,"graduiertenstudium, bildungsgäng, berufsbefähigend, mittelverwaltung, überlange",6,1994,17_bildung_schule_hochschule_gleichwertigkeit
18,"kulturell, architektur, föderaler, literatur, rechtsform",5,1994,18_kultur_kulturell_identität_kulturnation
19,"kontakthalteangebote, transferleistungen, überreglementierung, kinderzahl, innovationsfähigkeit",5,1994,19_familie_dürfen_kindern_kindergrundfreibetrag
20,"freiheit, sicherheit, stasibespitzelung, umwelttechnologie, verweigerung",9,1994,20_freiheit_sicherheit_gemeinschaft_außen
21,"kapitalgesellschafte, koordinierungsstell, handwerkskammern, handelskammern, flächensparenden",8,1994,21_müssen_technik_gewährleisten_neu
22,"harmonisierungszwäng, honorieren, lebensbedingung, kulturlandschaft, erhaltung",4,1994,22_kultur_ländlich_landwirtschaft_kulturell
23,"hightechstandoren, dankbar, gastfreundlich, jahrtausend, weltoffen",5,1994,23_deutschland_land_heimat_bleiben
24,"regierungskonferenz, bedeutungslos, republikaner, radikalismus, demokratisch",7,1994,24_demokratie_demokratisch_politisch_parlament
25,"ostdeutsch, autofahren, kontrolldicht, besonders, erhöhen",3,1994,25_deutschland_standard_zudem_klimakooperation
26,"bürgergruppen, kriegs, selbstorganisierter, spendenbereitschaft, ehrenamt",3,1994,26_ehrenamtlich_ehrenamt_seniorinnen_bundesfreiwilligendienst
27,"unverfügbarkeit, finanz, einzeln, polizei, zusätzlich",2,1994,27_daher_planungssicherheit_weiterhin_kommunalfinanzen
28,"arbeitsplatz, aufschwung, sichern, neu, verbundlösung",5,1994,28_arbeitsplatz_arbeitslosigkeit_schwarzarbeit_sichern
29,"eigenanstrengungen, links, schwierigkeit, trotz, entwicklungspolitik",3,1994,29_politik_politisch_jahrzehnt_mittelpunkt
30,"integration, ausländer, kulturell, erfolgreich, integrieren",2,1994,30_integration_ausländer_erfolgreich_integrieren
31,"westdeutsch, million, berufsrückkehrerinn, achtziger, nachbarländern",3,1994,31_million_seit_arbeitslosigkeit_deutschland
33,"solidaritätszuschlags, glaubensheimat, termin, kirche, solidität",5,1994,33_religionsunterricht_kirche_schule_religionsgemeinschafter
34,"bestimmen, frau, bedeuten, klar, nachtzüg",3,1994,34_bedeuten_gegenteil_zeigen_klar
36,"umweltqualitätsziel, umweltbelastungen, vielfach, planungs, genehmigungsverfahre",3,1994,36_insbesondere_umwelt_begrenzt_umweltschutz
37,"senior, sichern, verlässlichkeit, sicherheit, generationengerechtigkeit",2,1994,37_fortschritt_sichern_verlässlichkeit_sicherheit
38,"pflegezeit, erziehungs, erziehungsurlaub, bildung, erziehungsgeld",4,1994,38_bildung_erziehung_schule_rentenversicherung
39,"vermögenspolitik, kulturstaatlich, isolation, tarifvertraglich, erwachsen",4,1994,39_politik_rotgrün_verantwortung_strategie
40,"verwendungsbereiche, energiesparpotential, kostenseite, energienutzung, lohnpolitik",3,1994,40_besteuerung_wettbewerbsfähig_gewinn_daher
41,"familienleistungsausgleich, anpassung, angemessen, entwicklung, wirtschaftlich",1,1994,41_immer_seit_niedrig_investitionsquote
42,"extremismusbekämpfung, acht, dürfen, insbesondere, sexuell",3,1994,42_sexuell_missbrauch_kindesmissbrauch_bestrafen
43,"marktwirtschaft, sozial, konfliktverhütung, demokratie, verantwortet",8,1994,43_marktwirtschaft_wirtschaftsordnung_staatsquote_verloren
44,"polizei, transatlantisch, weltpolitik, partnerschaft, neueweltpolitikfähigkeit",1,1994,44_transatlantisch_weltpolitik_partnerschaft_industriepolitik
-1,"müssen, land, deutschland, neu, mehr",272,1998,-1_deutschland_land_neu_gut
0,"europa, zurückverlagern, volksgruppe, widerstand, föderalismus",47,1998,Politik
1,"europäisch, solidarität, union, gemeinsam, deutschland",23,1998,EU
2,"familie, kindergeld, familienausgleich, kapitalerträgen, kinderfreibeträg",13,1998,Familie
3,"ergänzend, rente, alterssicherungssystems, versicherungsleistung, durchschnittsverdienstes",11,1998,Rente
4,"energien, erneuerbar, windkraft, solarenergie, energiewirtschaft",7,1998,Energiewende
5,"jugendliche, jung, ausbildungsgängen, krebsgeschwür, unmißverständlich",12,1998,Jugend
6,"steuerrecht, einfach, förderinstrumentarium, bildungssysteme, steuersätzen",13,1998,Steuern
7,"arbeitsförderung, prüfmaßstäben, spitzenklasse, wettbewerbseinschränkend, wettbewerb",10,1998,Wirtschaft
8,"soldat, bundeswehr, friedensdienst, schnellstmöglichen, friedensumfang",8,1998,Militär
10,"solidarität, freundschaft, stark, wohnbauförderung, partnerschaft",13,1998,10_wohnungsbau_wohnung_gesellschaft_solidarität
11,"kriminalität, rechtsbruch, null, toleranz, polizei",14,1998,11_kriminalität_gewalt_polizei_wirksam
12,"arbeitskräften, arbeitsplatz, beschäftigungsverhältnisse, exam, arbeitsmarktsituation",12,1998,12_arbeitsplatz_arbeiten_arbeit_arbeitnehmer
13,"innenstädte, citylogistik, citymanagement, selbstverwaltungsaufgaben, optimiert",8,1998,13_gemeinde_verwaltung_region_regional
14,"landwirtschaft, tierschutzgerecht, markterlös, unverrückbar, landwirte",6,1998,14_landwirtschaft_landwirte_landwirtschaftlich_kulturlandschaft
15,"ausländer, illegal, ausreisepflichtig, zuwanderung, westen",14,1998,15_ausländer_verkehrsprojekt_flüchtling_asylbewerber
16,"sicherheitspolitik, union, stabilität, konfliktregulierend, militarisierung",11,1998,16_zusammenarbeit_sicherheitspolitik_europäisch_militärisch
17,"schulabschlüsse, leistungsschwächere, vergleichbarkeit, gestaltungsraum, differenzierung",3,1998,17_bildung_schule_hochschule_gleichwertigkeit
18,"kulturerb, urban, lokalgeschichte, kulturstaat, sehenswürdigkeit",5,1998,18_kultur_kulturell_identität_kulturnation
19,"perfektionismus, steuerungsinstrumente, teilschritte, innovationsfähigkeit, informationstechnik",3,1998,19_familie_dürfen_kindern_kindergrundfreibetrag
20,"mischkompetenzen, mitwirkungsrechen, blockadeinstrument, bescheidenheit, unverantwortlich",4,1998,20_freiheit_sicherheit_gemeinschaft_außen
21,"ecke, einkaufsmöglichkeit, anfahrtswegen, verkehrsaufkommen, einkaufszentren",2,1998,21_müssen_technik_gewährleisten_neu
22,"landwirtschaft, kohäsionsfond, teilnehmerstaat, ländlich, finanzierungslast",6,1998,22_kultur_ländlich_landwirtschaft_kulturell
23,"arbeitsstätte, wohnort, lebenswert, überall, bundesland",4,1998,23_deutschland_land_heimat_bleiben
25,"investitionsentscheidung, solartechnik, literautos, hightechland, motor",5,1998,25_deutschland_standard_zudem_klimakooperation
26,"ehrenamtlich, freiwilligen, osterweiterung, interesse, union",3,1998,26_ehrenamtlich_ehrenamt_seniorinnen_bundesfreiwilligendienst
27,"gemeinschaftsfinanz, unverletzlichen, investitionszulagensätzen, planungssicherheit, radikal",4,1998,27_daher_planungssicherheit_weiterhin_kommunalfinanzen
28,"trendwende, zeichnen, schwarzarbeit, beschäftigung, arbeitsmarkt",2,1998,28_arbeitsplatz_arbeitslosigkeit_schwarzarbeit_sichern
30,"integration, rechtmäßig, grundüberzeugungen, staatsangehörigkeitsrecht, verhaltensnormen",6,1998,30_integration_ausländer_erfolgreich_integrieren
31,"jahresbeginn, zurückgehen, arbeitslose, seit, deutschland",1,1998,31_million_seit_arbeitslosigkeit_deutschland
33,"religionsunterricht, schule, kirche, alltäglich, gemeinschaft",3,1998,33_religionsunterricht_kirche_schule_religionsgemeinschafter
34,"bedeuten, gegenteil, klar, gerechtigkeitswachstum, passenden",1,1998,34_bedeuten_gegenteil_zeigen_klar
35,"generationensolidarität, vertrautheit, verwurzelung, lebensleistung, alterssicherung",2,1998,35_generation_freiheit_sichern_brauchen
36,"weltmaßstab, umweltschädigung, städteplanung, herausforderung, ausgewogen",3,1998,36_insbesondere_umwelt_begrenzt_umweltschutz
37,"fortschritt, sichern, verlässlichkeit, sicherheit, generationengerechtigkeit",1,1998,37_fortschritt_sichern_verlässlichkeit_sicherheit
38,"erziehung, berufsausbildung, risiko, arbeitslosigkeit, solide",2,1998,38_bildung_erziehung_schule_rentenversicherung
40,"senken, reduzieren, heute, coemissioen, ausgetreten",9,1998,40_besteuerung_wettbewerbsfähig_gewinn_daher
41,"immer, seit, beitragsstabilität, bewerberzahlen, dreimal",7,1998,41_immer_seit_niedrig_investitionsquote
42,"gewaltverherrlichenden, gewaltdelikt, kindesmißbrauch, rechtsstandard, sexualstraftäter",3,1998,42_sexuell_missbrauch_kindesmissbrauch_bestrafen
43,"nachfrage, müssen, land, neu, marktwirtschaft",1,1998,43_marktwirtschaft_wirtschaftsordnung_staatsquote_verloren
44,"kriminelles, sozial, transatlantisch, weltpolitik, partnerschaft",2,1998,44_transatlantisch_weltpolitik_partnerschaft_industriepolitik
-1,"deutschland, neu, mehr, land, deutsch",677,2002,-1_deutschland_land_neu_gut
0,"rotgrün, politik, sozialhilfe, familie, volksgruppe",58,2002,Politik
1,"europa, europäisch, union, deutschland, partner",39,2002,EU
2,"familie, gesellschaft, familienförderung, kindern, arbeitswelt",31,2002,Familie
3,"medizinisch, rentenversicherung, alterssicherung, pflegeversicherung, gesetzlich",49,2002,Rente
4,"erneuerbar, umwelt, energien, energie, umweltschutz",24,2002,Energiewende
5,"jung, jugendliche, täter, jugendstrafrecht, jugendarbeit",23,2002,Jugend
6,"steuerrecht, steuersystem, betriebsverfassungsgesetz, ökosteuer, besteuerung",40,2002,Steuern
7,"wettbewerb, wettbewerbsfähig, wettbewerbsfähigkeit, weltmarktfähig, überreglementierungen",21,2002,Wirtschaft
8,"bundeswehr, soldat, wehrpflicht, ausrüstung, sicherheit",36,2002,Militär
9,"umgehend, diskriminierungsfreien, ausweisdokument, biometrisch, fingerabdruck",3,2002,Digitalisierung
10,"wohnungsbau, wohneigentum, wohnungen, gesellschaft, wohnung",32,2002,10_wohnungsbau_wohnung_gesellschaft_solidarität
11,"kriminalität, polizei, wirksam, null, rechtsbruch",25,2002,11_kriminalität_gewalt_polizei_wirksam
12,"arbeitslose, langzeitarbeitslose, arbeitsplatz, arbeitnehmer, arbeitsverhältnisse",16,2002,12_arbeitsplatz_arbeiten_arbeit_arbeitnehmer
13,"zeitgemäß, stadt, regionale, infrastrukturpauschal, polizeieinheit",19,2002,13_gemeinde_verwaltung_region_regional
14,"landwirtschaft, landwirte, kulturlandschaft, landwirtschaftlich, regionaltypisch",13,2002,14_landwirtschaft_landwirte_landwirtschaftlich_kulturlandschaft
15,"ausländer, verkehrsprojekt, flüchtling, ausländisch, asylbewerber",21,2002,15_ausländer_verkehrsprojekt_flüchtling_asylbewerber
16,"verteidigungspolitik, militärisch, europäisch, zusammenarbeit, sicherheits",19,2002,16_zusammenarbeit_sicherheitspolitik_europäisch_militärisch
17,"hochschuldienstrecht, schule, kulturhoheit, hochschule, leistungsvergleich",17,2002,17_bildung_schule_hochschule_gleichwertigkeit
18,"kultur, kulturell, kunst, identität, tradition",11,2002,18_kultur_kulturell_identität_kulturnation
19,"familiengeld, erziehen, alterssicherung, hochschule, abgabenfrei",17,2002,19_familie_dürfen_kindern_kindergrundfreibetrag
20,"freiheit, sicherheit, familienstrukturen, sicherheitsbedürfnisse, kleinkinder",15,2002,20_freiheit_sicherheit_gemeinschaft_außen
21,"familienarbeit, ausrüstung, müssen, entsorgungsbedarf, sofortmaßnahme",13,2002,21_müssen_technik_gewährleisten_neu
22,"landwirte, existenzsichernd, entwicklungsmöglichkeit, interesse, kulturlandschaft",9,2002,22_kultur_ländlich_landwirtschaft_kulturell
23,"deutsche, patriotismus, zufriedenheit, kaufen, glück",5,2002,23_deutschland_land_heimat_bleiben
24,"demokratie, ungeduld, kontrollsystem, demokratisch, kritik",8,2002,24_demokratie_demokratisch_politisch_parlament
25,"verhandlung, bank, eigenkapitalrichtlini, eigenkapitalrichtlinie, baseler",5,2002,25_deutschland_standard_zudem_klimakooperation
26,"alteren, beteiligungsmöglichkeit, einsam, frühzeitig, morgen",4,2002,26_ehrenamtlich_ehrenamt_seniorinnen_bundesfreiwilligendienst
27,"korrektur, wasserversorgung, glaubwürdig, finanzierung, sicherstellen",4,2002,27_daher_planungssicherheit_weiterhin_kommunalfinanzen
28,"arbeitslosigkeit, kündigungsschutzrecht, kündigung, grundsätz, beschäftigungsmöglichkeiten",9,2002,28_arbeitsplatz_arbeitslosigkeit_schwarzarbeit_sichern
29,"vier, politik, steuerpolitik, einfachheit, rotgrün",7,2002,29_politik_politisch_jahrzehnt_mittelpunkt
30,"integration, integrationschance, integrationskursen, ausländer, türkisch",9,2002,30_integration_ausländer_erfolgreich_integrieren
31,"arbeitslosigkeit, statistisch, deutschland, arbeitslose, heute",17,2002,31_million_seit_arbeitslosigkeit_deutschland
32,"kunst, kultur, künstlerisch, kulturell, bedeutung",10,2002,32_kunst_kultur_kulturell_musik
33,"religionsunterricht, kirche, religionsgemeinschafter, schule, lehrfach",9,2002,33_religionsunterricht_kirche_schule_religionsgemeinschafter
34,"gen, gegenteil, kompetenz, richtig, entscheiden",4,2002,34_bedeuten_gegenteil_zeigen_klar
35,"endlichkeit, programm, altersversorgung, enttäuschen, chancengerechtigkeit",5,2002,35_generation_freiheit_sichern_brauchen
36,"bewahrungsund, wohlhabend, entsorgungsbereich, umweltverträglichkeit, menschheit",4,2002,36_insbesondere_umwelt_begrenzt_umweltschutz
37,"alternative, technologisch, verlässlichkeit, investitionsfreundlich, vertrauenswürdig",7,2002,37_fortschritt_sichern_verlässlichkeit_sicherheit
38,"bildung, fundament, leistungsdefizit, schülerinnen, investitionsfreundlich",5,2002,38_bildung_erziehung_schule_rentenversicherung
39,"brennelemenen, kernkraftwerksstandort, regierungspolitik, wohnungspolitik, rotgrün",4,2002,39_politik_rotgrün_verantwortung_strategie
40,"güterkraftverkehrsgewerbes, wettbewerbsnachteile, synergie, spitzensteuersatz, haushalt",3,2002,40_besteuerung_wettbewerbsfähig_gewinn_daher
41,"umgehungsstraßenprogramm, zehnter, prognosen, fortzuschreiben, höchstens",5,2002,41_immer_seit_niedrig_investitionsquote
42,"bestrafen, kindesmissbrauch, ehrenpension, missbrauch, fanatismus",5,2002,42_sexuell_missbrauch_kindesmissbrauch_bestrafen
43,"marktwirtschaft, kulturtechnik, informationsmeng, erkaufen, verloren",5,2002,43_marktwirtschaft_wirtschaftsordnung_staatsquote_verloren
44,"transatlantisch, partnerschaft, gesamteuropäisch, europa, programm",6,2002,44_transatlantisch_weltpolitik_partnerschaft_industriepolitik
-1,"deutschland, stehen, land, mehr, euro",520,2005,-1_deutschland_land_neu_gut
0,"gesundheitsreform, rotgrün, gesundheitsprämie, zickzack, wahlprogrammen",17,2005,Politik
1,"europa, europäisch, europapolitik, kontinent, union",20,2005,EU
2,"familie, vereinbarkeit, beitragsermäßigung, neugeboren, monatlich",21,2005,Familie
3,"pflegeversicherung, rentenversicherung, krankenversicherung, versichert, alt",26,2005,Rente
4,"kernenergie, klimaschutz, energien, klimaschutzvereinbarunge, kyotoplusinitiative",13,2005,Energiewende
5,"überdurchschnittlich, sicherungsverwahrung, jugendliche, jung, arbeitslosenquoten",9,2005,Jugend
6,"kapitalgesellschaft, erhöhen, steuerrecht, besteuerung, genfinanziern",44,2005,Steuern
7,"wettbewerbsfähigkeit, wettbewerb, international, kreditwesengesetz, produktpolitik",25,2005,Wirtschaft
8,"bundeswehr, landesverteidigung, terrorismus, gefahr, kriminalität",10,2005,Militär
9,"planungszeit, infrastrukturmaßnahmen, verkürzung, vereinfachung, planung",1,2005,Digitalisierung
10,"katastrophenschutz, endlich, finanzieren, dienstleistung, ermöglichen",2,2005,10_wohnungsbau_wohnung_gesellschaft_solidarität
11,"kriminalität, menschenhandel, polizei, zurück, aufsichtsratsmitglieder",12,2005,11_kriminalität_gewalt_polizei_wirksam
12,"arbeitnehmer, beschäftigungssicherung, arbeitsplatz, tarifvertrag, beschäftigungsaufbau",27,2005,12_arbeitsplatz_arbeiten_arbeit_arbeitnehmer
13,"organisationsstruktur, verwaltungsleistung, option, einräumen, behörde",2,2005,13_gemeinde_verwaltung_region_regional
14,"verbraucherschutz, landwirtschaft, russlands, hygienestandards, problematisch",6,2005,14_landwirtschaft_landwirte_landwirtschaftlich_kulturlandschaft
15,"industriepolitisch, verkehrswegebau, transrapidstrecke, verkehrsprojekt, projekt",3,2005,15_ausländer_verkehrsprojekt_flüchtling_asylbewerber
16,"verschränkung, entwicklungsproblem, weiterentwickelt, verlässlicher, euroatlantisch",6,2005,16_zusammenarbeit_sicherheitspolitik_europäisch_militärisch
17,"berufseintritt, ausbildungspakt, ausbildungszeit, früh, bildung",2,2005,17_bildung_schule_hochschule_gleichwertigkeit
18,"ritual, kulturnation, schlüssel, identität, kultur",4,2005,18_kultur_kulturell_identität_kulturnation
19,"kindergrundfreibetrag, kinderbonus, kindergeld, auswirkung, personalhoheit",10,2005,19_familie_dürfen_kindern_kindergrundfreibetrag
20,"anfangen, freiheit, erneuerung, sozialpartnerschaft, weiterentwicklung",4,2005,20_freiheit_sicherheit_gemeinschaft_außen
21,"wünschbar, zwangsversicherung, zustimmen, einzahlen, finanzierbar",6,2005,21_müssen_technik_gewährleisten_neu
22,"außenwirtschafts, selbsthilfekräfte, unternehmenskultur, abwandern, kulturpolitik",6,2005,22_kultur_ländlich_landwirtschaft_kulturell
23,"stolz, arzneimittelherstellern, wegmarke, gastfreundlich, deutschland",7,2005,23_deutschland_land_heimat_bleiben
24,"ungenügend, wachstumshemmend, chemikalienrichtlinie, demokratie, euregelungen",3,2005,24_demokratie_demokratisch_politisch_parlament
25,"verkehrsbelastung, verkehrswegeplanungsbeschleunigungsgesetz, effizient, deutschland, verbessern",3,2005,25_deutschland_standard_zudem_klimakooperation
26,"förderperiode, fortschritte, grundrechtecharta, verbesserung, verfassungsvertrag",5,2005,26_ehrenamtlich_ehrenamt_seniorinnen_bundesfreiwilligendienst
27,"abwärtstrend, kofinanzierung, kernaufgabe, eigeninitiative, euagrarpolitik",4,2005,27_daher_planungssicherheit_weiterhin_kommunalfinanzen
28,"einfach, kombilohnmodell, arbeitslohn, arbeitsplatz, kombination",11,2005,28_arbeitsplatz_arbeitslosigkeit_schwarzarbeit_sichern
29,"politik, chance, politikfeldern, steuerpolitisch, zurückkehren",10,2005,29_politik_politisch_jahrzehnt_mittelpunkt
30,"integration, ausländer, integrieren, kindernachzugsalter, einbürgerungsfeiern",8,2005,30_integration_ausländer_erfolgreich_integrieren
31,"million, milliarde, arbeitslosigkeit, registrieren, sockelarbeitslosigkeit",9,2005,31_million_seit_arbeitslosigkeit_deutschland
32,"kunst, kultur, rauben, kulturpolitik, erinnerungskultur",6,2005,32_kunst_kultur_kulturell_musik
33,"religionsunterricht, schülerinn, antwort, konfessionelle, sinnfragen",3,2005,33_religionsunterricht_kirche_schule_religionsgemeinschafter
34,"gerechtigkeitswachstum, dnaanalyse, maßstab, klar, arbeitgeber",11,2005,34_bedeuten_gegenteil_zeigen_klar
35,"abgekoppeln, krankheitskost, beschädigen, glaubwürdigkeit, begrenzen",3,2005,35_generation_freiheit_sichern_brauchen
36,"umweltbelang, idealisierung, umweltpolitisch, technologisch, umweltschutz",2,2005,36_insbesondere_umwelt_begrenzt_umweltschutz
37,"fortschritt, medizinisch, verlässlich, verlässlichkeit, erwachsen",7,2005,37_fortschritt_sichern_verlässlichkeit_sicherheit
39,"rotgrün, ostdeutschlands, politik, westdeutsch, vereinfachung",7,2005,39_politik_rotgrün_verantwortung_strategie
40,"kammer, ordnungsämter, niederlassungsfreiheit, kontrolle, grenzüberschreitend",1,2005,40_besteuerung_wettbewerbsfähig_gewinn_daher
41,"investitionsquote, niedrig, iiempfänger, steuersätze, erwerbsleben",7,2005,41_immer_seit_niedrig_investitionsquote
42,"sexuell, strafvorschrift, menschenhandel, missbrauch, bestrafen",2,2005,42_sexuell_missbrauch_kindesmissbrauch_bestrafen
43,"verloren, markt, fundament, finanziell, sozial",3,2005,43_marktwirtschaft_wirtschaftsordnung_staatsquote_verloren
44,"regierungsprogramm, ideologisch, europa, weltpolitik, partnerschaft",3,2005,44_transatlantisch_weltpolitik_partnerschaft_industriepolitik
-1,"deutschland, deutsch, land, mensch, neu",975,2009,-1_deutschland_land_neu_gut
0,"bekennen, deutsch, politik, marktwirtschaft, berliner",100,2009,Politik
1,"europäisch, europa, deutschland, union, brauchen",47,2009,EU
2,"familie, mütter, bildungsniveau, väter, verbessern",49,2009,Familie
3,"gesetzlich, altersvorsorge, rente, pflegeversicherung, rentenversicherung",48,2009,Rente
4,"energien, erneuerbar, energie, umwelt, energieeffizienz",65,2009,Energiewende
5,"jung, jugendliche, jugendarbeit, jugendstrafrecht, demografisch",42,2009,Jugend
6,"steuerrecht, euro, haushaltskonsolidierung, steuerlich, belastungswirkungen",23,2009,Steuern
7,"wettbewerb, wettbewerbsfähigkeit, unterstützen, wettbewerbsfähig, international",52,2009,Wirtschaft
8,"bundeswehr, soldat, soldatinn, sicherheitspräsenz, wiederaufbau",30,2009,Militär
9,"leistungsschutzrecht, presseprodukt, verbraucherinformationsgesetz, digital, urheberrecht",3,2009,Digitalisierung
10,"heimat, wohnungsbau, ausgeglichen, wohnung, breitbandtechniken",17,2009,10_wohnungsbau_wohnung_gesellschaft_solidarität
11,"gewalt, kriminalität, extremist, effektiv, art",30,2009,11_kriminalität_gewalt_polizei_wirksam
12,"arbeiten, bürgerarbeit, arbeitsuchenden, mini, jobs",14,2009,12_arbeitsplatz_arbeiten_arbeit_arbeitnehmer
13,"bürokratiekoste, regional, öffentlich, stadtumfeld, behördennummer",13,2009,13_gemeinde_verwaltung_region_regional
14,"landwirtschaft, landwirtschaftlich, kulturlandschaft, grünland, energiesicherheit",20,2009,14_landwirtschaft_landwirte_landwirtschaftlich_kulturlandschaft
15,"ausländer, verkehrsprojekt, gefängnisstrafe, erlöschen, rechtsfiguren",14,2009,15_ausländer_verkehrsprojekt_flüchtling_asylbewerber
16,"afghanistan, sicherheitspolitik, außen, zusammenarbeit, europa",13,2009,16_zusammenarbeit_sicherheitspolitik_europäisch_militärisch
17,"hochschulpakt, bildungsabschlüsse, bildungsrepublik, bildungssystem, hochschule",26,2009,17_bildung_schule_hochschule_gleichwertigkeit
18,"kulturell, kultur, stadt, identität, kulturnation",22,2009,18_kultur_kulturell_identität_kulturnation
19,"dürfen, familie, väter, verlassen, unversucht",21,2009,19_familie_dürfen_kindern_kindergrundfreibetrag
20,"freiheit, sicherheit, sicherheitspolitik, lärmsanierungswert, verhältnismäßigkeit",22,2009,20_freiheit_sicherheit_gemeinschaft_außen
21,"grundsicherung, müssen, karrierestrukturen, kapitalanlage, bewertungsmaxime",14,2009,21_müssen_technik_gewährleisten_neu
22,"kultur, tourismus, ländlich, kulturell, versorgungssicherheit",23,2009,22_kultur_ländlich_landwirtschaft_kulturell
23,"deutschland, heimat, land, bleiben, herzlich",13,2009,23_deutschland_land_heimat_bleiben
24,"demokratie, bürokratiecheck, bürokratie, demokratisch, entscheidung",11,2009,24_demokratie_demokratisch_politisch_parlament
25,"deutschland, fahrgastrecht, kundenorientiert, unterhaltungsmedien, transportnetz",11,2009,25_deutschland_standard_zudem_klimakooperation
26,"ehrenamtlich, ehrenamt, ehrenamtsbörsen, ehrenamtscard, ehrenamtskultur",25,2009,26_ehrenamtlich_ehrenamt_seniorinnen_bundesfreiwilligendienst
27,"bedarfsabhängig, krisenfeste, kommunalfinanzen, laufzeitverlängerung, finanzierungssicherheit",8,2009,27_daher_planungssicherheit_weiterhin_kommunalfinanzen
28,"mindesteinkommen, arbeitsplatz, arbeitslosigkeit, marktgerecht, schwarzarbeit",7,2009,28_arbeitsplatz_arbeitslosigkeit_schwarzarbeit_sichern
29,"politik, zukunftsprojeken, regionalität, konservativ, zentralismus",4,2009,29_politik_politisch_jahrzehnt_mittelpunkt
30,"integration, migrationshintergrund, sport, importstandard, verbraucherfragen",11,2009,30_integration_ausländer_erfolgreich_integrieren
31,"million, kreditklemme, migrantenunternehmerinnen, arbeitslosenzahl, nachfragen",5,2009,31_million_seit_arbeitslosigkeit_deutschland
32,"kultur, kulturell, kunst, musik, film",7,2009,32_kunst_kultur_kulturell_musik
33,"kirche, religionsunterricht, evangelisch, katholisch, familienunterstützung",7,2009,33_religionsunterricht_kirche_schule_religionsgemeinschafter
34,"beispielgebend, hinzukommen, gerecht, jugend, bedeuten",9,2009,34_bedeuten_gegenteil_zeigen_klar
35,"verletzt, arbeitsbeschreibung, kabellösung, tarifparteien, berufshaftpflichtversicherung",10,2009,35_generation_freiheit_sichern_brauchen
36,"staatswirtschaft, klimaveränderunge, exportierend, zerstört, materieller",10,2009,36_insbesondere_umwelt_begrenzt_umweltschutz
37,"pflegeversicherung, alter, verlässlich, vertrauen, sichern",3,2009,37_fortschritt_sichern_verlässlichkeit_sicherheit
38,"qualitätsstandard, ausbildungsleistung, schulunterricht, inhalt, beeindruckend",7,2009,38_bildung_erziehung_schule_rentenversicherung
39,"klimapolitischen, infrastrukturverantwortung, mittelzuweisung, politikfeld, kontinuität",7,2009,39_politik_rotgrün_verantwortung_strategie
40,"krisenverschärfend, energiekompetenz, ölpreisentwicklung, energiesektor, eingangssteuersatz",6,2009,40_besteuerung_wettbewerbsfähig_gewinn_daher
41,"schwerpunkt, krise, immer, stärken, mensch",2,2009,41_immer_seit_niedrig_investitionsquote
42,"sexuell, kindesmissbrauch, internet, sperren, dreifachstrategie",5,2009,42_sexuell_missbrauch_kindesmissbrauch_bestrafen
43,"marktwirtschaft, sozial, investitionsbeziehung, zukunftsbranch, wirtschaftsordnung",10,2009,43_marktwirtschaft_wirtschaftsordnung_staatsquote_verloren
44,"europol, transatlantisch, weltpolitik, partnerschaft, kriminelles",1,2009,44_transatlantisch_weltpolitik_partnerschaft_industriepolitik
-1,"land, deutschland, neu, stärken, wichtig",1525,2013,-1_deutschland_land_neu_gut
0,"stehen, politik, interesse, zusammenarbeit, familie",113,2013,Politik
1,"europa, europäisch, gemeinsam, herausforderung, deutschland",78,2013,EU
2,"familie, kindern, unterstützung, verbessern, möglichkeit",81,2013,Familie
3,"rente, alter, alt, rentenversicherung, gesetzlich",59,2013,Rente
4,"energien, erneuerbar, umwelt, energieversorgung, klimaschutz",58,2013,Energiewende
5,"jung, jugendliche, jugend, jugendarbeitslosigkeit, jugendarbeit",81,2013,Jugend
6,"steuerlich, verbessern, steuer, steuerhinterziehung, dienstleistung",56,2013,Steuern
7,"wettbewerb, wettbewerbsfähigkeit, unterstützen, international, wettbewerbsfähig",76,2013,Wirtschaft
8,"bundeswehr, soldat, soldatinn, terrorismus, militärisch",43,2013,Militär
9,"digital, digitalisierung, urheberrecht, digitaler, nutzen",42,2013,Digitalisierung
10,"wohnung, wohnungsbau, mieterhöhung, wohngeld, wohnraum",49,2013,10_wohnungsbau_wohnung_gesellschaft_solidarität
11,"gewalt, kriminalität, videokameras, regelmäßig, extremismus",38,2013,11_kriminalität_gewalt_polizei_wirksam
12,"neu, arbeitsplatz, arbeitsverhältnisse, industrieprodukt, journalist",17,2013,12_arbeitsplatz_arbeiten_arbeit_arbeitnehmer
13,"gemeinde, stadt, verwaltung, gut, region",44,2013,13_gemeinde_verwaltung_region_regional
14,"landwirtschaft, tierhaltung, landwirtschaftlich, naturschutzgebien, umwelt",29,2013,14_landwirtschaft_landwirte_landwirtschaftlich_kulturlandschaft
15,"intelligent, bundesverkehrswegeplan, flüchtling, ausländer, verwaltungsgerichen",21,2013,15_ausländer_verkehrsprojekt_flüchtling_asylbewerber
16,"außen, sicherheitspolitik, militärisch, zusammenarbeit, europäisch",16,2013,16_zusammenarbeit_sicherheitspolitik_europäisch_militärisch
17,"hochschule, schule, bildung, ausbildung, akademisch",35,2013,17_bildung_schule_hochschule_gleichwertigkeit
18,"kultur, kulturell, kreativwirtschaft, kulturnation, biologisch",47,2013,18_kultur_kulturell_identität_kulturnation
19,"familie, zukunftsfester, ganztagsschule, förderschwerpunkt, jugendverbände",19,2013,19_familie_dürfen_kindern_kindergrundfreibetrag
20,"freiheit, sicherheit, heute, vertrauen, partnerländ",19,2013,20_freiheit_sicherheit_gemeinschaft_außen
21,"haften, bremsen, müssen, netzpolitisch, softwar",15,2013,21_müssen_technik_gewährleisten_neu
22,"kultur, ländlich, internet, patent, kulturell",25,2013,22_kultur_ländlich_landwirtschaft_kulturell
23,"deutschland, land, heimat, anziehungspunkt, lebenswert",23,2013,23_deutschland_land_heimat_bleiben
24,"demokratie, europäisch, demokratisch, extremismus, bürokratie",17,2013,24_demokratie_demokratisch_politisch_parlament
25,"tourismus, logistikstandort, hedgefonds, mietfahrräder, geldmarktfonds",14,2013,25_deutschland_standard_zudem_klimakooperation
26,"ehrenamtlich, bundesfreiwilligendienst, ehrenamt, seniorinnen, hilfsorganisation",14,2013,26_ehrenamtlich_ehrenamt_seniorinnen_bundesfreiwilligendienst
27,"planung, verlässlich, gründungsfinanzierung, reservekapazität, kommunalfinanzen",10,2013,27_daher_planungssicherheit_weiterhin_kommunalfinanzen
28,"arbeitsplatz, hunderttausend, team, qualifikationen, arbeitsplätzen",10,2013,28_arbeitsplatz_arbeitslosigkeit_schwarzarbeit_sichern
29,"politik, bevormundungspolitik, online, weiche, chance",15,2013,29_politik_politisch_jahrzehnt_mittelpunkt
30,"integration, jüdisch, seniorenheim, integrationsversäumnissen, erfolgreich",13,2013,30_integration_ausländer_erfolgreich_integrieren
31,"million, mitarbeiter, westdeutschland, deutschland, erwerbstätigenquote",9,2013,31_million_seit_arbeitslosigkeit_deutschland
32,"kunst, kultur, kulturell, musik, zeitgenössisch",10,2013,32_kunst_kultur_kulturell_musik
33,"religionsunterricht, kirche, kirchlich, religionsunterrichen, schule",17,2013,33_religionsunterricht_kirche_schule_religionsgemeinschafter
34,"schattenbanke, einmischen, urheberrecht, ordentlich, aufmerksamkeit",8,2013,34_bedeuten_gegenteil_zeigen_klar
35,"brauchen, verständlich, information, aufenthaltsstatus, lebenschancen",15,2013,35_generation_freiheit_sichern_brauchen
36,"biopatente, ausfallgefährden, nutzti, konsumwelt, medienkonzentrations",10,2013,36_insbesondere_umwelt_begrenzt_umweltschutz
37,"sozialversicherungssy, sichern, denkmalschutz, sicheres, altersvorsorgepflicht",11,2013,37_fortschritt_sichern_verlässlichkeit_sicherheit
38,"bildung, schule, ausbildung, qualitätsoffensiv, einheitsschule",16,2013,38_bildung_erziehung_schule_rentenversicherung
39,"politik, strategie, aufsichtsstrukturen, datenpolitik, antworten",14,2013,39_politik_rotgrün_verantwortung_strategie
40,"energiewende, erfolgreich, industrie, erfolgsgeschicht, energieverbrauch",14,2013,40_besteuerung_wettbewerbsfähig_gewinn_daher
41,"jahr, kampfeinsatz, vierteljahrhundert, anzeige, mauer",9,2013,41_immer_seit_niedrig_investitionsquote
42,"sexuell, missbrauch, extremismus, bestrafen, prostitutionsstätte",13,2013,42_sexuell_missbrauch_kindesmissbrauch_bestrafen
43,"marktwirtschaft, sozial, economy, wirtschaftsleistung, sharing",8,2013,43_marktwirtschaft_wirtschaftsordnung_staatsquote_verloren
44,"schattenbanken, filmerb, transatlantisch, bankenunion, europa",12,2013,44_transatlantisch_weltpolitik_partnerschaft_industriepolitik
-1,"deutschland, land, gut, groß, neu",751,2017,-1_deutschland_land_neu_gut
0,"christlich, rentenreform, sicherheit, deutschland, kirche",48,2017,Politik
1,"europa, europäisch, international, gemeinsam, frankreich",45,2017,EU
2,"familie, kindergeld, verbessern, kindern, rechtsanspruch",38,2017,Familie
3,"rente, medizinisch, pflegerisch, steigen, rentenversicherung",36,2017,Rente
4,"energien, erneuerbar, sektorenkopplung, umwelt, wind",29,2017,Energiewende
5,"jung, jugendarbeitslosigkeit, jugendliche, niedrig, jugendarbeit",23,2017,Jugend
6,"steuerlich, innovationsfonds, steuer, kriseninstrumente, steuerpflichtigen",26,2017,Steuern
7,"wettbewerb, wettbewerbsfähigkeit, international, verbessert, unterstützung",21,2017,Wirtschaft
8,"bundeswehr, soldat, polizei, sicherheit, landesverteidigung",30,2017,Militär
9,"digital, digitalisierung, elektronisch, agenda, chance",48,2017,Digitalisierung
10,"wohnraum, wahlperiode, wohnungsbau, unverwechselbar, wohnung",22,2017,10_wohnungsbau_wohnung_gesellschaft_solidarität
11,"straftäter, endlich, gesetz, terroreinheit, gesetzgebungsvorhaben",20,2017,11_kriminalität_gewalt_polizei_wirksam
12,"arbeitsverhältnisse, arbeitsplatz, lohnsteigerung, experimentierräum, wochenarbeitszeit",14,2017,12_arbeitsplatz_arbeiten_arbeit_arbeitnehmer
13,"stadt, gemeinde, mutterschutzgesetzes, unterlagenbehörde, mobilität",13,2017,13_gemeinde_verwaltung_region_regional
14,"landwirtschaft, fauna, flora, wachstumsfinanzierung, produktionsgrundlage",8,2017,14_landwirtschaft_landwirte_landwirtschaftlich_kulturlandschaft
15,"flüchtling, niemand, nachkriegszeit, asylbewerberzahl, patriotisch",14,2017,15_ausländer_verkehrsprojekt_flüchtling_asylbewerber
16,"verteidigungsfonds, binnengrenzkontrollen, verteidigungsunion, europäisch, sicherheitsgarantie",7,2017,16_zusammenarbeit_sicherheitspolitik_europäisch_militärisch
17,"gleichwertigkeit, bildung, situation, ständig, ausbildungswegen",18,2017,17_bildung_schule_hochschule_gleichwertigkeit
18,"kultur, tradition, unterschiedlich, kulturell, deutschland",14,2017,18_kultur_kulturell_identität_kulturnation
19,"signal, euro, tierwohllabel, anwohnerparkausweis, geburtsdatum",10,2017,19_familie_dürfen_kindern_kindergrundfreibetrag
20,"sicherheit, außen, gestaltungsspielräum, glaub, freiheit",9,2017,20_freiheit_sicherheit_gemeinschaft_außen
21,"flächendeckend, mobilfunkversorgung, kerndatensystem, standortkriterium, breitband",10,2017,21_müssen_technik_gewährleisten_neu
22,"kultur, industrie, gesellschaftsbereich, verwertbarkeit, spiegel",12,2017,22_kultur_ländlich_landwirtschaft_kulturell
23,"deutschland, land, bleibeperspektive, leben, literaturhäusern",22,2017,23_deutschland_land_heimat_bleiben
24,"wahlperiode, demokratie, schöpferische, demokratisch, bürokratieaufwand",9,2017,24_demokratie_demokratisch_politisch_parlament
25,"auto, deutschland, standort, sauberster, batteriezellproduktion",11,2017,25_deutschland_standard_zudem_klimakooperation
26,"ehrenamtlich, ehrenamt, seniorinnen, vielfältig, assistenzsystem",10,2017,26_ehrenamtlich_ehrenamt_seniorinnen_bundesfreiwilligendienst
27,"nutztierhaltungsstrategie, zukunftsfragen, ballungsräume, planungssicherheit, staatsfinanz",8,2017,27_daher_planungssicherheit_weiterhin_kommunalfinanzen
28,"arbeitsplatz, arbeitsplätzen, arbeitskräftepotenzial, arbeitslosigkeit, lebenslanges",9,2017,28_arbeitsplatz_arbeitslosigkeit_schwarzarbeit_sichern
29,"politik, politikangebot, nachhaltigkeitsstrategie, volksparteie, bildungspolitisch",9,2017,29_politik_politisch_jahrzehnt_mittelpunkt
30,"integration, integrationsgesetz, integrationsvereinbarung, beiderseitig, integrieren",5,2017,30_integration_ausländer_erfolgreich_integrieren
31,"million, arbeitslosenquote, arbeitslosigkeit, gering, beschäftigungsverhältnissen",10,2017,31_million_seit_arbeitslosigkeit_deutschland
32,"kunst, kultur, film, filmschaffen, wirtschaftsprodukt",12,2017,32_kunst_kultur_kulturell_musik
33,"hilfsdienst, dank, freiwillig, sport, ehrenamtlich",1,2017,33_religionsunterricht_kirche_schule_religionsgemeinschafter
34,"geringfügig, steigerung, generell, bedeuten, klar",5,2017,34_bedeuten_gegenteil_zeigen_klar
35,"nachweis, retten, arbeitsplatze, lebensunterhalt, leben",5,2017,35_generation_freiheit_sichern_brauchen
36,"bestandsbauten, investitionsförderung, neubau, tierschutz, gleichermaßen",6,2017,36_insbesondere_umwelt_begrenzt_umweltschutz
37,"sichern, generationengerechtigkeit, verlässlichkeit, stabil, verlässlich",4,2017,37_fortschritt_sichern_verlässlichkeit_sicherheit
38,"bildung, schulbildung, senior, grundgesetzes, weiterbildung",5,2017,38_bildung_erziehung_schule_rentenversicherung
39,"verantwortung, politik, großartig, gesamtstaatlich, regierungsprogramm",7,2017,39_politik_rotgrün_verantwortung_strategie
40,"steuerkonzept, sonderregelunge, öffnungsklauseln, kurs, prüfen",3,2017,40_besteuerung_wettbewerbsfähig_gewinn_daher
41,"lebensphasen, undenkbar, vorbei, völlig, september",5,2017,41_immer_seit_niedrig_investitionsquote
43,"breitensport, spitzensport, lebensbereich, energiewend, marktwirtschaftlich",3,2017,43_marktwirtschaft_wirtschaftsordnung_staatsquote_verloren
44,"friedensprojekt, transatlantisch, weltpolitik, partnerschaft, kriminelles",5,2017,44_transatlantisch_weltpolitik_partnerschaft_industriepolitik
-1,"deutschland, neu, mehr, land, stärken",1597,2021,-1_deutschland_land_neu_gut
0,"parlament, politik, anpassung, corona, deutschland",25,2021,Politik
1,"europa, europäisch, gemeinsam, union, herausforderung",111,2021,EU
2,"familie, familiär, verbessern, unterstützung, kindern",69,2021,Familie
3,"rente, rentenversicherung, gesetzlich, altersvorsorge, medizinisch",71,2021,Rente
4,"erneuerbar, energien, nachhaltig, klimaschutz, umwelt",66,2021,Energiewende
5,"jung, jugendliche, jugendlich, schule, gewinnen",44,2021,Jugend
6,"verbessern, steuerlich, vermögensteuer, steuererklärung, steuerschlupflöch",54,2021,Steuern
7,"wettbewerb, unterstützen, wettbewerbsfähigkeit, wettbewerbsfähig, international",61,2021,Wirtschaft
8,"bundeswehr, soldat, sicherheit, extremist, modern",55,2021,Militär
9,"digital, digitalisierung, digitaler, verwaltung, plattform",166,2021,Digitalisierung
10,"wohnungsbau, mietwohnungsbau, wohnraum, mobilisieren, wohngeld",39,2021,10_wohnungsbau_wohnung_gesellschaft_solidarität
11,"gewalt, null, toleranz, kriminell, kriminalität",57,2021,11_kriminalität_gewalt_polizei_wirksam
12,"arbeiten, arbeitsplatz, arbeitsverhältnisse, höchstarbeitszeit, verändernden",19,2021,12_arbeitsplatz_arbeiten_arbeit_arbeitnehmer
13,"gemeinde, stadt, verwaltung, region, schnell",35,2021,13_gemeinde_verwaltung_region_regional
14,"landwirtschaft, artenvielfalt, landbaus, ökologisch, landwirte",30,2021,14_landwirtschaft_landwirte_landwirtschaftlich_kulturlandschaft
15,"ausländer, ausreisepflicht, asylverfahrensrichtlinie, asyl, zuwanderung",31,2021,15_ausländer_verkehrsprojekt_flüchtling_asylbewerber
16,"europäisch, militärisch, zusammenarbeit, sicherheitspolitisch, sicherheitspolitik",36,2021,16_zusammenarbeit_sicherheitspolitik_europäisch_militärisch
17,"bildung, ausbildung, gleichwertigkeit, schule, akademisch",26,2021,17_bildung_schule_hochschule_gleichwertigkeit
18,"kultur, kulturell, biologisch, biodiversitätsstrategie, minderheit",19,2021,18_kultur_kulturell_identität_kulturnation
19,"modern, modernisierungsjahrzehnen, kindern, familie, innovationskraft",31,2021,19_familie_dürfen_kindern_kindergrundfreibetrag
20,"sicherheit, neue, freiheit, außen, sozial",19,2021,20_freiheit_sicherheit_gemeinschaft_außen
21,"gewährleisten, sicherheit, erforderlich, rechtlich, analogen",19,2021,21_müssen_technik_gewährleisten_neu
22,"landwirtschaft, sektor, regional, ländlich, ernährungshilfen",15,2021,22_kultur_ländlich_landwirtschaft_kulturell
23,"deutschland, postleitzahl, großverdiener, lebensverhältnissen, clanmitglieder",9,2021,23_deutschland_land_heimat_bleiben
24,"demokratie, demokratisch, europäisch, kanada, demokratien",30,2021,24_demokratie_demokratisch_politisch_parlament
25,"deutschland, klimakooperation, recyclingmaterial, standard, industrie",21,2021,25_deutschland_standard_zudem_klimakooperation
26,"ehrenamt, ehrenamtlich, bundesfreiwilligendienst, seniorinnen, gewinnen",10,2021,26_ehrenamtlich_ehrenamt_seniorinnen_bundesfreiwilligendienst
27,"daher, bargeld, weiterhin, bürokratieintensive, finanzierungsquelle",26,2021,27_daher_planungssicherheit_weiterhin_kommunalfinanzen
28,"arbeitsplatz, unions, erfahrung, sozialrecht, personalräte",14,2021,28_arbeitsplatz_arbeitslosigkeit_schwarzarbeit_sichern
29,"politik, jahrzehnt, nachhaltigkeitsstrategie, infrastrukturelle, aussiedlerpolitik",11,2021,29_politik_politisch_jahrzehnt_mittelpunkt
30,"integration, zusammenhalt, fundament, erfolgreich, einwanderungsgeschicht",13,2021,30_integration_ausländer_erfolgreich_integrieren
31,"million, meldeaufwand, robust, bruttonationaleinkommen, sogar",4,2021,31_million_seit_arbeitslosigkeit_deutschland
32,"kultur, kunst, musik, kulturell, wolfsmanagement",11,2021,32_kunst_kultur_kulturell_musik
33,"entwicklungspartnerschaft, religionsunterricht, afrika, kirche, erleichterungen",8,2021,33_religionsunterricht_kirche_schule_religionsgemeinschafter
34,"bedeuten, multinational, nachtzüg, passenden, formel",11,2021,34_bedeuten_gegenteil_zeigen_klar
35,"einwilligungen, ernährungskompetenz, urteilskraft, wertebewusstsein, einverständniserklärungen",7,2021,35_generation_freiheit_sichern_brauchen
36,"wald, insbesondere, klimawandel, umweltrelevant, kryptowährung",12,2021,36_insbesondere_umwelt_begrenzt_umweltschutz
37,"generationengerechtigkeit, sichern, verlässlichkeit, sozialbeirat, sicherheit",15,2021,37_fortschritt_sichern_verlässlichkeit_sicherheit
38,"bildung, ausbilden, weiterbildungsförderung, pflegekräfte, qualitätsoffensiv",8,2021,38_bildung_erziehung_schule_rentenversicherung
39,"lissabon, umbruch, clustern, haushaltspolitik, vieler",5,2021,39_politik_rotgrün_verantwortung_strategie
40,"unternehmenssteuerreform, entfesselungspaket, besteuerung, gewinn, wettbewerbsfähig",12,2021,40_besteuerung_wettbewerbsfähig_gewinn_daher
41,"hackathon, borkenkäferplage, nachfolgend, wertvoll, sinken",5,2021,41_immer_seit_niedrig_investitionsquote
42,"sexuell, kindesmissbrauch, missbrauch, adressen, telefonnummern",19,2021,42_sexuell_missbrauch_kindesmissbrauch_bestrafen
43,"marktwirtschaft, vermittlungsmethode, drittmärkt, akzent, marktzugang",5,2021,43_marktwirtschaft_wirtschaftsordnung_staatsquote_verloren
44,"europa, weltpolitik, transatlantisch, weltpolitikfähigkeit, industriepolitik",20,2021,44_transatlantisch_weltpolitik_partnerschaft_industriepolitik
